{
  "batched_deterministic_vs_serial": true,
  "build_hash": "dc66919d03219c1f",
  "device": "metal",
  "diverged_batches": [],
  "kind": "bench_batch",
  "max_tokens": 24,
  "model": "llama-3.2-1b-instruct-q4",
  "peak_speedup_vs_serial": 1.052200139932838,
  "peak_tok_s": 113.50229234520482,
  "prompt_preview": "Write a detailed paragraph about the ocean and its wonders:",
  "serial_baseline_tok_s": 107.87139065810206,
  "sweep": [
    {
      "batch": 1,
      "batched_equals_serial": true,
      "cv_pct": 0.8638579585826774,
      "min_tok_s": 96.78172222977926,
      "per_request_tok_s": 98.46840600164934,
      "reps": 2,
      "speedup_vs_serial": 0.9128315246601814,
      "tokens_per_s": 98.46840600164934,
      "total_tokens": 24,
      "wall_s": 0.243733
    },
    {
      "batch": 4,
      "batched_equals_serial": true,
      "cv_pct": 3.7811422815844353,
      "min_tok_s": 77.80856236624754,
      "per_request_tok_s": 20.98097419034202,
      "reps": 2,
      "speedup_vs_serial": 0.7779995812547235,
      "tokens_per_s": 83.92389676136808,
      "total_tokens": 96,
      "wall_s": 1.233797375
    },
    {
      "batch": 8,
      "batched_equals_serial": true,
      "cv_pct": 4.669930909690198,
      "min_tok_s": 103.37430508588594,
      "per_request_tok_s": 14.187786543150603,
      "reps": 2,
      "speedup_vs_serial": 1.052200139932838,
      "tokens_per_s": 113.50229234520482,
      "total_tokens": 192,
      "wall_s": 1.8573280840000002
    }
  ],
  "warmup_ok": true
}
