{
  "batched_deterministic_vs_serial": true,
  "build_hash": "dc66919d03219c1f",
  "device": "metal",
  "diverged_batches": [],
  "kind": "bench_batch",
  "max_tokens": 24,
  "model": "llama-3.2-1b-instruct-q4",
  "peak_speedup_vs_serial": 1.5724973544542629,
  "peak_tok_s": 168.75844621191007,
  "prompt_preview": "Write a detailed paragraph about the ocean and its wonders:",
  "serial_baseline_tok_s": 107.31874729956407,
  "sweep": [
    {
      "batch": 1,
      "batched_equals_serial": true,
      "cv_pct": 0.043622778532341845,
      "min_tok_s": 106.85231234904106,
      "per_request_tok_s": 106.94557692878755,
      "reps": 2,
      "speedup_vs_serial": 0.9965227848799346,
      "tokens_per_s": 106.94557692878755,
      "total_tokens": 24,
      "wall_s": 0.224609084
    },
    {
      "batch": 4,
      "batched_equals_serial": true,
      "cv_pct": 0.07821501516853496,
      "min_tok_s": 147.66811283997313,
      "per_request_tok_s": 36.9748227324162,
      "reps": 2,
      "speedup_vs_serial": 1.3781309850442651,
      "tokens_per_s": 147.8992909296648,
      "total_tokens": 96,
      "wall_s": 0.6501065
    },
    {
      "batch": 8,
      "batched_equals_serial": true,
      "cv_pct": 0.15684763114649025,
      "min_tok_s": 168.22988799247048,
      "per_request_tok_s": 21.09480577648876,
      "reps": 2,
      "speedup_vs_serial": 1.5724973544542629,
      "tokens_per_s": 168.75844621191007,
      "total_tokens": 192,
      "wall_s": 1.137720833
    }
  ],
  "warmup_ok": true
}
