{
  "batched_deterministic_vs_serial": true,
  "build_hash": "dc66919d03219c1f",
  "device": "metal",
  "diverged_batches": [],
  "kind": "bench_batch",
  "max_tokens": 24,
  "model": "llama-3.2-1b-instruct-q4",
  "peak_speedup_vs_serial": 2.1470395071783193,
  "peak_tok_s": 123.93947756704785,
  "prompt_preview": "Write a detailed paragraph about the ocean and its wonders:",
  "serial_baseline_tok_s": 57.7257554659213,
  "sweep": [
    {
      "batch": 1,
      "batched_equals_serial": true,
      "cv_pct": 0.4685377710328469,
      "min_tok_s": 28.544624115951134,
      "per_request_tok_s": 28.813367973596698,
      "reps": 2,
      "speedup_vs_serial": 0.4991423280827709,
      "tokens_per_s": 28.813367973596698,
      "total_tokens": 24,
      "wall_s": 0.832946708
    },
    {
      "batch": 4,
      "batched_equals_serial": true,
      "cv_pct": 0.0968364173488885,
      "min_tok_s": 90.60968638784131,
      "per_request_tok_s": 22.696335708847514,
      "reps": 2,
      "speedup_vs_serial": 1.5727008179041615,
      "tokens_per_s": 90.78534283539005,
      "total_tokens": 96,
      "wall_s": 1.059489375
    },
    {
      "batch": 8,
      "batched_equals_serial": true,
      "cv_pct": 0.09630986240892893,
      "min_tok_s": 123.70097538753843,
      "per_request_tok_s": 15.49243469588098,
      "reps": 2,
      "speedup_vs_serial": 2.1470395071783193,
      "tokens_per_s": 123.93947756704785,
      "total_tokens": 192,
      "wall_s": 1.549143209
    }
  ],
  "warmup_ok": true
}
