{
  "batched_deterministic_vs_serial": true,
  "build_hash": "dc66919d03219c1f",
  "device": "metal",
  "diverged_batches": [],
  "kind": "bench_batch",
  "max_tokens": 24,
  "model": "llama-3.2-1b-instruct-q4",
  "peak_speedup_vs_serial": 2.483352344646975,
  "peak_tok_s": 46.40609843809037,
  "prompt_preview": "Write a detailed paragraph about the ocean and its wonders:",
  "serial_baseline_tok_s": 18.686876446719968,
  "sweep": [
    {
      "batch": 1,
      "batched_equals_serial": true,
      "cv_pct": 8.666770476186402,
      "min_tok_s": 16.42791337867656,
      "per_request_tok_s": 19.545660454915428,
      "reps": 2,
      "speedup_vs_serial": 1.0459565305439904,
      "tokens_per_s": 19.545660454915428,
      "total_tokens": 24,
      "wall_s": 1.2278940409999999
    },
    {
      "batch": 4,
      "batched_equals_serial": true,
      "cv_pct": 7.852106245925247,
      "min_tok_s": 33.12651689685283,
      "per_request_tok_s": 9.693017589343496,
      "reps": 2,
      "speedup_vs_serial": 2.07482884942922,
      "tokens_per_s": 38.772070357373984,
      "total_tokens": 96,
      "wall_s": 2.476009125
    },
    {
      "batch": 8,
      "batched_equals_serial": true,
      "cv_pct": 1.9588024696687918,
      "min_tok_s": 44.623017859927124,
      "per_request_tok_s": 5.800762304761296,
      "reps": 2,
      "speedup_vs_serial": 2.483352344646975,
      "tokens_per_s": 46.40609843809037,
      "total_tokens": 192,
      "wall_s": 4.13738725
    }
  ],
  "warmup_ok": true
}
