{
  "batched_deterministic_vs_serial": true,
  "build_hash": "dc66919d03219c1f",
  "device": "metal",
  "diverged_batches": [],
  "kind": "bench_batch",
  "max_tokens": 24,
  "model": "llama-3.2-1b-instruct-q4",
  "peak_speedup_vs_serial": 1.9974463167901537,
  "peak_tok_s": 113.21316003263453,
  "prompt_preview": "Write a detailed paragraph about the ocean and its wonders:",
  "serial_baseline_tok_s": 56.67895005787452,
  "sweep": [
    {
      "batch": 1,
      "batched_equals_serial": true,
      "cv_pct": 13.233233006398104,
      "min_tok_s": 28.252977157467967,
      "per_request_tok_s": 36.870982479177975,
      "reps": 2,
      "speedup_vs_serial": 0.6505233855166556,
      "tokens_per_s": 36.870982479177975,
      "total_tokens": 24,
      "wall_s": 0.650918375
    },
    {
      "batch": 4,
      "batched_equals_serial": true,
      "cv_pct": 8.967599530181221,
      "min_tok_s": 55.04179890836311,
      "per_request_tok_s": 16.471532855095372,
      "reps": 2,
      "speedup_vs_serial": 1.1624444587118423,
      "tokens_per_s": 65.88613142038149,
      "total_tokens": 96,
      "wall_s": 1.457059292
    },
    {
      "batch": 8,
      "batched_equals_serial": true,
      "cv_pct": 1.9988327308920362,
      "min_tok_s": 108.77596866912178,
      "per_request_tok_s": 14.151645004079317,
      "reps": 2,
      "speedup_vs_serial": 1.9974463167901537,
      "tokens_per_s": 113.21316003263453,
      "total_tokens": 192,
      "wall_s": 1.6959159160000001
    }
  ],
  "warmup_ok": true
}
