{
  "batched_deterministic_vs_serial": true,
  "build_hash": "dc66919d03219c1f",
  "device": "metal",
  "diverged_batches": [],
  "kind": "bench_batch",
  "max_tokens": 24,
  "model": "llama-3.2-1b-instruct-q4",
  "peak_speedup_vs_serial": 1.6032651714525248,
  "peak_tok_s": 166.24869392709826,
  "prompt_preview": "Write a detailed paragraph about the ocean and its wonders:",
  "serial_baseline_tok_s": 103.69382238652413,
  "sweep": [
    {
      "batch": 1,
      "batched_equals_serial": true,
      "cv_pct": 1.5218761406433916,
      "min_tok_s": 104.08961956640584,
      "per_request_tok_s": 107.30681141163228,
      "reps": 2,
      "speedup_vs_serial": 1.0348428569991426,
      "tokens_per_s": 107.30681141163228,
      "total_tokens": 24,
      "wall_s": 0.230570542
    },
    {
      "batch": 4,
      "batched_equals_serial": true,
      "cv_pct": 0.386558565694043,
      "min_tok_s": 146.69821110150082,
      "per_request_tok_s": 36.95919031653814,
      "reps": 2,
      "speedup_vs_serial": 1.4257046163761167,
      "tokens_per_s": 147.83676126615256,
      "total_tokens": 96,
      "wall_s": 0.649364875
    },
    {
      "batch": 8,
      "batched_equals_serial": true,
      "cv_pct": 0.0588091197386803,
      "min_tok_s": 166.05327006719887,
      "per_request_tok_s": 20.781086740887282,
      "reps": 2,
      "speedup_vs_serial": 1.6032651714525248,
      "tokens_per_s": 166.24869392709826,
      "total_tokens": 192,
      "wall_s": 1.156255459
    }
  ],
  "warmup_ok": true
}
